{
    "swagger": "2.0",
    "info": {
        "contact": {}
    },
    "paths": {
        "/events": {
            "get": {
                "description": "Get a list of all events",
                "produces": [
                    "application/json"
                ],
                "tags": [
                    "events"
                ],
                "summary": "Get all events",
                "responses": {
                    "200": {
                        "description": "OK",
                        "schema": {
                            "type": "array",
                            "items": {
                                "$ref": "#/definitions/entities.EventResponse"
                            }
                        }
                    },
                    "500": {
                        "description": "Internal Server Error",
                        "schema": {
                            "type": "object",
                            "additionalProperties": {
                                "type": "string"
                            }
                        }
                    }
                }
            },
            "post": {
                "description": "Create a new event with the given details",
                "consumes": [
                    "application/json"
                ],
                "produces": [
                    "application/json"
                ],
                "tags": [
                    "events"
                ],
                "summary": "Create a new event",
                "parameters": [
                    {
                        "description": "Event request body",
                        "name": "event",
                        "in": "body",
                        "required": true,
                        "schema": {
                            "$ref": "#/definitions/entities.EventCrRequest"
                        }
                    }
                ],
                "responses": {
                    "201": {
                        "description": "Created",
                        "schema": {
                            "$ref": "#/definitions/entities.EventResponse"
                        }
                    },
                    "400": {
                        "description": "Bad Request",
                        "schema": {
                            "type": "object",
                            "additionalProperties": {
                                "type": "string"
                            }
                        }
                    },
                    "500": {
                        "description": "Internal Server Error",
                        "schema": {
                            "type": "object",
                            "additionalProperties": {
                                "type": "string"
                            }
                        }
                    }
                }
            }
        },
        "/events/{id}": {
            "get": {
                "description": "Get details of a specific event by ID",
                "produces": [
                    "application/json"
                ],
                "tags": [
                    "events"
                ],
                "summary": "Get event by ID",
                "parameters": [
                    {
                        "type": "integer",
                        "description": "Event ID",
                        "name": "id",
                        "in": "path",
                        "required": true
                    }
                ],
                "responses": {
                    "200": {
                        "description": "OK",
                        "schema": {
                            "$ref": "#/definitions/entities.EventResponse"
                        }
                    },
                    "400": {
                        "description": "Bad Request",
                        "schema": {
                            "type": "object",
                            "additionalProperties": {
                                "type": "string"
                            }
                        }
                    },
                    "404": {
                        "description": "Not Found",
                        "schema": {
                            "type": "object",
                            "additionalProperties": {
                                "type": "string"
                            }
                        }
                    }
                }
            },
            "put": {
                "description": "Update details of an existing event by ID",
                "consumes": [
                    "application/json"
                ],
                "produces": [
                    "application/json"
                ],
                "tags": [
                    "events"
                ],
                "summary": "Update an event",
                "parameters": [
                    {
                        "type": "integer",
                        "description": "Event ID",
                        "name": "id",
                        "in": "path",
                        "required": true
                    },
                    {
                        "description": "Event request body",
                        "name": "event",
                        "in": "body",
                        "required": true,
                        "schema": {
                            "$ref": "#/definitions/entities.EventCrRequest"
                        }
                    }
                ],
                "responses": {
                    "200": {
                        "description": "OK",
                        "schema": {
                            "$ref": "#/definitions/entities.EventResponse"
                        }
                    },
                    "400": {
                        "description": "Bad Request",
                        "schema": {
                            "type": "object",
                            "additionalProperties": {
                                "type": "string"
                            }
                        }
                    },
                    "500": {
                        "description": "Internal Server Error",
                        "schema": {
                            "type": "object",
                            "additionalProperties": {
                                "type": "string"
                            }
                        }
                    }
                }
            },
            "delete": {
                "description": "Delete an event by ID",
                "produces": [
                    "application/json"
                ],
                "tags": [
                    "events"
                ],
                "summary": "Delete an event",
                "parameters": [
                    {
                        "type": "integer",
                        "description": "Event ID",
                        "name": "id",
                        "in": "path",
                        "required": true
                    }
                ],
                "responses": {
                    "204": {
                        "description": "No Content"
                    },
                    "400": {
                        "description": "Bad Request",
                        "schema": {
                            "type": "object",
                            "additionalProperties": {
                                "type": "string"
                            }
                        }
                    },
                    "500": {
                        "description": "Internal Server Error",
                        "schema": {
                            "type": "object",
                            "additionalProperties": {
                                "type": "string"
                            }
                        }
                    }
                }
            }
        },
        "/preferences": {
            "get": {
                "description": "Get a list of all notification preferences",
                "produces": [
                    "application/json"
                ],
                "tags": [
                    "notification_preferences"
                ],
                "summary": "Get all notification preferences",
                "responses": {
                    "200": {
                        "description": "OK",
                        "schema": {
                            "type": "array",
                            "items": {
                                "$ref": "#/definitions/entities.NotificationPreferencesResponse"
                            }
                        }
                    },
                    "500": {
                        "description": "Internal Server Error",
                        "schema": {
                            "type": "object",
                            "additionalProperties": {
                                "type": "string"
                            }
                        }
                    }
                }
            },
            "post": {
                "description": "Create a new notification preference with the given details",
                "consumes": [
                    "application/json"
                ],
                "produces": [
                    "application/json"
                ],
                "tags": [
                    "notification_preferences"
                ],
                "summary": "Create a new notification preference",
                "parameters": [
                    {
                        "description": "Preference request body",
                        "name": "preference",
                        "in": "body",
                        "required": true,
                        "schema": {
                            "$ref": "#/definitions/entities.NotificationPreferencesCrRequest"
                        }
                    }
                ],
                "responses": {
                    "201": {
                        "description": "Created",
                        "schema": {
                            "$ref": "#/definitions/entities.NotificationPreferencesResponse"
                        }
                    },
                    "400": {
                        "description": "Bad Request",
                        "schema": {
                            "type": "object",
                            "additionalProperties": {
                                "type": "string"
                            }
                        }
                    },
                    "500": {
                        "description": "Internal Server Error",
                        "schema": {
                            "type": "object",
                            "additionalProperties": {
                                "type": "string"
                            }
                        }
                    }
                }
            }
        },
        "/preferences/{id}": {
            "get": {
                "description": "Get details of a specific notification preference by ID",
                "produces": [
                    "application/json"
                ],
                "tags": [
                    "notification_preferences"
                ],
                "summary": "Get notification preference by ID",
                "parameters": [
                    {
                        "type": "integer",
                        "description": "Preference ID",
                        "name": "id",
                        "in": "path",
                        "required": true
                    }
                ],
                "responses": {
                    "200": {
                        "description": "OK",
                        "schema": {
                            "$ref": "#/definitions/entities.NotificationPreferencesResponse"
                        }
                    },
                    "400": {
                        "description": "Bad Request",
                        "schema": {
                            "type": "object",
                            "additionalProperties": {
                                "type": "string"
                            }
                        }
                    },
                    "404": {
                        "description": "Not Found",
                        "schema": {
                            "type": "object",
                            "additionalProperties": {
                                "type": "string"
                            }
                        }
                    }
                }
            },
            "put": {
                "description": "Update details of an existing notification preference by ID",
                "consumes": [
                    "application/json"
                ],
                "produces": [
                    "application/json"
                ],
                "tags": [
                    "notification_preferences"
                ],
                "summary": "Update a notification preference",
                "parameters": [
                    {
                        "type": "integer",
                        "description": "Preference ID",
                        "name": "id",
                        "in": "path",
                        "required": true
                    },
                    {
                        "description": "Preference request body",
                        "name": "preference",
                        "in": "body",
                        "required": true,
                        "schema": {
                            "$ref": "#/definitions/entities.NotificationPreferencesUpRequest"
                        }
                    }
                ],
                "responses": {
                    "200": {
                        "description": "OK",
                        "schema": {
                            "$ref": "#/definitions/entities.NotificationPreferencesResponse"
                        }
                    },
                    "400": {
                        "description": "Bad Request",
                        "schema": {
                            "type": "object",
                            "additionalProperties": {
                                "type": "string"
                            }
                        }
                    },
                    "500": {
                        "description": "Internal Server Error",
                        "schema": {
                            "type": "object",
                            "additionalProperties": {
                                "type": "string"
                            }
                        }
                    }
                }
            },
            "delete": {
                "description": "Delete a notification preference by ID",
                "produces": [
                    "application/json"
                ],
                "tags": [
                    "notification_preferences"
                ],
                "summary": "Delete a notification preference",
                "parameters": [
                    {
                        "type": "integer",
                        "description": "Preference ID",
                        "name": "id",
                        "in": "path",
                        "required": true
                    }
                ],
                "responses": {
                    "204": {
                        "description": "No Content"
                    },
                    "400": {
                        "description": "Bad Request",
                        "schema": {
                            "type": "object",
                            "additionalProperties": {
                                "type": "string"
                            }
                        }
                    },
                    "500": {
                        "description": "Internal Server Error",
                        "schema": {
                            "type": "object",
                            "additionalProperties": {
                                "type": "string"
                            }
                        }
                    }
                }
            }
        },
        "/tenants": {
            "get": {
                "description": "Get a list of all tenants",
                "produces": [
                    "application/json"
                ],
                "tags": [
                    "tenants"
                ],
                "summary": "Get all tenants",
                "responses": {
                    "200": {
                        "description": "OK",
                        "schema": {
                            "type": "array",
                            "items": {
                                "$ref": "#/definitions/entities.TenantResponse"
                            }
                        }
                    },
                    "500": {
                        "description": "Internal Server Error",
                        "schema": {
                            "type": "object",
                            "additionalProperties": {
                                "type": "string"
                            }
                        }
                    }
                }
            },
            "post": {
                "description": "Create a new tenant with the given details",
                "consumes": [
                    "application/json"
                ],
                "produces": [
                    "application/json"
                ],
                "tags": [
                    "tenants"
                ],
                "summary": "Create a new tenant",
                "parameters": [
                    {
                        "description": "Tenant request body",
                        "name": "tenant",
                        "in": "body",
                        "required": true,
                        "schema": {
                            "$ref": "#/definitions/entities.TenantCrRequest"
                        }
                    }
                ],
                "responses": {
                    "201": {
                        "description": "Created",
                        "schema": {
                            "$ref": "#/definitions/entities.TenantResponse"
                        }
                    },
                    "400": {
                        "description": "Bad Request",
                        "schema": {
                            "type": "object",
                            "additionalProperties": {
                                "type": "string"
                            }
                        }
                    },
                    "500": {
                        "description": "Internal Server Error",
                        "schema": {
                            "type": "object",
                            "additionalProperties": {
                                "type": "string"
                            }
                        }
                    }
                }
            }
        },
        "/tenants/{id}": {
            "get": {
                "description": "Get details of a specific tenant by ID",
                "produces": [
                    "application/json"
                ],
                "tags": [
                    "tenants"
                ],
                "summary": "Get tenant by ID",
                "parameters": [
                    {
                        "type": "integer",
                        "description": "Tenant ID",
                        "name": "id",
                        "in": "path",
                        "required": true
                    }
                ],
                "responses": {
                    "200": {
                        "description": "OK",
                        "schema": {
                            "$ref": "#/definitions/entities.TenantResponse"
                        }
                    },
                    "400": {
                        "description": "Bad Request",
                        "schema": {
                            "type": "object",
                            "additionalProperties": {
                                "type": "string"
                            }
                        }
                    },
                    "404": {
                        "description": "Not Found",
                        "schema": {
                            "type": "object",
                            "additionalProperties": {
                                "type": "string"
                            }
                        }
                    }
                }
            },
            "put": {
                "description": "Update details of an existing tenant by ID",
                "consumes": [
                    "application/json"
                ],
                "produces": [
                    "application/json"
                ],
                "tags": [
                    "tenants"
                ],
                "summary": "Update a tenant",
                "parameters": [
                    {
                        "type": "integer",
                        "description": "Tenant ID",
                        "name": "id",
                        "in": "path",
                        "required": true
                    },
                    {
                        "description": "Tenant request body",
                        "name": "tenant",
                        "in": "body",
                        "required": true,
                        "schema": {
                            "$ref": "#/definitions/entities.TenantUpRequest"
                        }
                    }
                ],
                "responses": {
                    "200": {
                        "description": "OK",
                        "schema": {
                            "$ref": "#/definitions/entities.TenantResponse"
                        }
                    },
                    "400": {
                        "description": "Bad Request",
                        "schema": {
                            "type": "object",
                            "additionalProperties": {
                                "type": "string"
                            }
                        }
                    },
                    "500": {
                        "description": "Internal Server Error",
                        "schema": {
                            "type": "object",
                            "additionalProperties": {
                                "type": "string"
                            }
                        }
                    }
                }
            },
            "delete": {
                "description": "Delete a tenant by ID",
                "produces": [
                    "application/json"
                ],
                "tags": [
                    "tenants"
                ],
                "summary": "Delete a tenant",
                "parameters": [
                    {
                        "type": "integer",
                        "description": "Tenant ID",
                        "name": "id",
                        "in": "path",
                        "required": true
                    }
                ],
                "responses": {
                    "204": {
                        "description": "No Content"
                    },
                    "400": {
                        "description": "Bad Request",
                        "schema": {
                            "type": "object",
                            "additionalProperties": {
                                "type": "string"
                            }
                        }
                    },
                    "500": {
                        "description": "Internal Server Error",
                        "schema": {
                            "type": "object",
                            "additionalProperties": {
                                "type": "string"
                            }
                        }
                    }
                }
            }
        },
        "/tickets": {
            "get": {
                "description": "Get a list of all tickets",
                "produces": [
                    "application/json"
                ],
                "tags": [
                    "tickets"
                ],
                "summary": "Get all tickets",
                "responses": {
                    "200": {
                        "description": "OK",
                        "schema": {
                            "type": "array",
                            "items": {
                                "$ref": "#/definitions/entities.TicketResponse"
                            }
                        }
                    },
                    "500": {
                        "description": "Internal Server Error",
                        "schema": {
                            "type": "object",
                            "additionalProperties": {
                                "type": "string"
                            }
                        }
                    }
                }
            },
            "post": {
                "description": "Create a new ticket with the given details",
                "consumes": [
                    "application/json"
                ],
                "produces": [
                    "application/json"
                ],
                "tags": [
                    "tickets"
                ],
                "summary": "Create a new ticket",
                "parameters": [
                    {
                        "description": "Ticket request body",
                        "name": "ticket",
                        "in": "body",
                        "required": true,
                        "schema": {
                            "$ref": "#/definitions/entities.TicketCrRequest"
                        }
                    }
                ],
                "responses": {
                    "201": {
                        "description": "Created",
                        "schema": {
                            "$ref": "#/definitions/entities.TicketResponse"
                        }
                    },
                    "400": {
                        "description": "Bad Request",
                        "schema": {
                            "type": "object",
                            "additionalProperties": {
                                "type": "string"
                            }
                        }
                    },
                    "500": {
                        "description": "Internal Server Error",
                        "schema": {
                            "type": "object",
                            "additionalProperties": {
                                "type": "string"
                            }
                        }
                    }
                }
            }
        },
        "/tickets/authenticate": {
            "post": {
                "description": "Authenticate a ticket by scanning its verification code",
                "consumes": [
                    "application/json"
                ],
                "produces": [
                    "application/json"
                ],
                "tags": [
                    "tickets"
                ],
                "summary": "Authenticate a ticket",
                "parameters": [
                    {
                        "description": "Ticket authentication request body",
                        "name": "ticket",
                        "in": "body",
                        "required": true,
                        "schema": {
                            "$ref": "#/definitions/entities.TicketAuthRequest"
                        }
                    }
                ],
                "responses": {
                    "200": {
                        "description": "OK",
                        "schema": {
                            "$ref": "#/definitions/entities.TicketResponse"
                        }
                    },
                    "400": {
                        "description": "Bad Request",
                        "schema": {
                            "type": "object",
                            "additionalProperties": {
                                "type": "string"
                            }
                        }
                    },
                    "500": {
                        "description": "Internal Server Error",
                        "schema": {
                            "type": "object",
                            "additionalProperties": {
                                "type": "string"
                            }
                        }
                    }
                }
            }
        },
        "/tickets/purchase": {
            "post": {
                "description": "Purchase a ticket by providing necessary details",
                "consumes": [
                    "application/json"
                ],
                "produces": [
                    "application/json"
                ],
                "tags": [
                    "tickets"
                ],
                "summary": "Purchase a ticket",
                "parameters": [
                    {
                        "description": "Ticket purchase request body",
                        "name": "ticket",
                        "in": "body",
                        "required": true,
                        "schema": {
                            "$ref": "#/definitions/entities.TicketPurchaseRequest"
                        }
                    }
                ],
                "responses": {
                    "201": {
                        "description": "Created",
                        "schema": {
                            "$ref": "#/definitions/entities.TicketResponse"
                        }
                    },
                    "400": {
                        "description": "Bad Request",
                        "schema": {
                            "type": "object",
                            "additionalProperties": {
                                "type": "string"
                            }
                        }
                    },
                    "500": {
                        "description": "Internal Server Error",
                        "schema": {
                            "type": "object",
                            "additionalProperties": {
                                "type": "string"
                            }
                        }
                    }
                }
            }
        },
        "/tickets/refund": {
            "post": {
                "description": "Request a refund for a purchased ticket",
                "consumes": [
                    "application/json"
                ],
                "produces": [
                    "application/json"
                ],
                "tags": [
                    "tickets"
                ],
                "summary": "Refund a ticket",
                "parameters": [
                    {
                        "description": "Ticket refund request body",
                        "name": "ticket",
                        "in": "body",
                        "required": true,
                        "schema": {
                            "$ref": "#/definitions/entities.TicketRefundRequest"
                        }
                    }
                ],
                "responses": {
                    "200": {
                        "description": "OK",
                        "schema": {
                            "$ref": "#/definitions/entities.TicketResponse"
                        }
                    },
                    "400": {
                        "description": "Bad Request",
                        "schema": {
                            "type": "object",
                            "additionalProperties": {
                                "type": "string"
                            }
                        }
                    },
                    "500": {
                        "description": "Internal Server Error",
                        "schema": {
                            "type": "object",
                            "additionalProperties": {
                                "type": "string"
                            }
                        }
                    }
                }
            }
        },
        "/tickets/sell": {
            "post": {
                "description": "List a ticket for sale on the platform",
                "consumes": [
                    "application/json"
                ],
                "produces": [
                    "application/json"
                ],
                "tags": [
                    "tickets"
                ],
                "summary": "Sell a ticket",
                "parameters": [
                    {
                        "description": "Ticket sell request body",
                        "name": "ticket",
                        "in": "body",
                        "required": true,
                        "schema": {
                            "$ref": "#/definitions/entities.TicketSellRequest"
                        }
                    }
                ],
                "responses": {
                    "201": {
                        "description": "Created",
                        "schema": {
                            "$ref": "#/definitions/entities.TicketResponse"
                        }
                    },
                    "400": {
                        "description": "Bad Request",
                        "schema": {
                            "type": "object",
                            "additionalProperties": {
                                "type": "string"
                            }
                        }
                    },
                    "500": {
                        "description": "Internal Server Error",
                        "schema": {
                            "type": "object",
                            "additionalProperties": {
                                "type": "string"
                            }
                        }
                    }
                }
            }
        },
        "/tickets/{id}": {
            "get": {
                "description": "Get details of a specific ticket by ID",
                "produces": [
                    "application/json"
                ],
                "tags": [
                    "tickets"
                ],
                "summary": "Get ticket by ID",
                "parameters": [
                    {
                        "type": "integer",
                        "description": "Ticket ID",
                        "name": "id",
                        "in": "path",
                        "required": true
                    }
                ],
                "responses": {
                    "200": {
                        "description": "OK",
                        "schema": {
                            "$ref": "#/definitions/entities.TicketResponse"
                        }
                    },
                    "400": {
                        "description": "Bad Request",
                        "schema": {
                            "type": "object",
                            "additionalProperties": {
                                "type": "string"
                            }
                        }
                    },
                    "404": {
                        "description": "Not Found",
                        "schema": {
                            "type": "object",
                            "additionalProperties": {
                                "type": "string"
                            }
                        }
                    }
                }
            },
            "put": {
                "description": "Update details of an existing ticket by ID",
                "consumes": [
                    "application/json"
                ],
                "produces": [
                    "application/json"
                ],
                "tags": [
                    "tickets"
                ],
                "summary": "Update a ticket",
                "parameters": [
                    {
                        "type": "integer",
                        "description": "Ticket ID",
                        "name": "id",
                        "in": "path",
                        "required": true
                    },
                    {
                        "description": "Ticket request body",
                        "name": "ticket",
                        "in": "body",
                        "required": true,
                        "schema": {
                            "$ref": "#/definitions/entities.TicketUpRequest"
                        }
                    }
                ],
                "responses": {
                    "200": {
                        "description": "OK",
                        "schema": {
                            "$ref": "#/definitions/entities.TicketResponse"
                        }
                    },
                    "400": {
                        "description": "Bad Request",
                        "schema": {
                            "type": "object",
                            "additionalProperties": {
                                "type": "string"
                            }
                        }
                    },
                    "500": {
                        "description": "Internal Server Error",
                        "schema": {
                            "type": "object",
                            "additionalProperties": {
                                "type": "string"
                            }
                        }
                    }
                }
            },
            "delete": {
                "description": "Delete a ticket by ID",
                "produces": [
                    "application/json"
                ],
                "tags": [
                    "tickets"
                ],
                "summary": "Delete a ticket",
                "parameters": [
                    {
                        "type": "integer",
                        "description": "Ticket ID",
                        "name": "id",
                        "in": "path",
                        "required": true
                    }
                ],
                "responses": {
                    "204": {
                        "description": "No Content"
                    },
                    "400": {
                        "description": "Bad Request",
                        "schema": {
                            "type": "object",
                            "additionalProperties": {
                                "type": "string"
                            }
                        }
                    },
                    "500": {
                        "description": "Internal Server Error",
                        "schema": {
                            "type": "object",
                            "additionalProperties": {
                                "type": "string"
                            }
                        }
                    }
                }
            }
        },
        "/transactions": {
            "get": {
                "description": "Get a list of all transactions",
                "produces": [
                    "application/json"
                ],
                "tags": [
                    "transactions"
                ],
                "summary": "Get all transactions",
                "responses": {
                    "200": {
                        "description": "OK",
                        "schema": {
                            "type": "array",
                            "items": {
                                "$ref": "#/definitions/entities.TransactionResponse"
                            }
                        }
                    },
                    "500": {
                        "description": "Internal Server Error",
                        "schema": {
                            "type": "object",
                            "additionalProperties": {
                                "type": "string"
                            }
                        }
                    }
                }
            },
            "post": {
                "description": "Create a new transaction with the given details",
                "consumes": [
                    "application/json"
                ],
                "produces": [
                    "application/json"
                ],
                "tags": [
                    "transactions"
                ],
                "summary": "Create a new transaction",
                "parameters": [
                    {
                        "description": "Transaction request body",
                        "name": "transaction",
                        "in": "body",
                        "required": true,
                        "schema": {
                            "$ref": "#/definitions/entities.TransactionCrRequest"
                        }
                    }
                ],
                "responses": {
                    "201": {
                        "description": "Created",
                        "schema": {
                            "$ref": "#/definitions/entities.TransactionResponse"
                        }
                    },
                    "400": {
                        "description": "Bad Request",
                        "schema": {
                            "type": "object",
                            "additionalProperties": {
                                "type": "string"
                            }
                        }
                    },
                    "500": {
                        "description": "Internal Server Error",
                        "schema": {
                            "type": "object",
                            "additionalProperties": {
                                "type": "string"
                            }
                        }
                    }
                }
            }
        },
        "/transactions/{id}": {
            "get": {
                "description": "Get details of a specific transaction by ID",
                "produces": [
                    "application/json"
                ],
                "tags": [
                    "transactions"
                ],
                "summary": "Get transaction by ID",
                "parameters": [
                    {
                        "type": "integer",
                        "description": "Transaction ID",
                        "name": "id",
                        "in": "path",
                        "required": true
                    }
                ],
                "responses": {
                    "200": {
                        "description": "OK",
                        "schema": {
                            "$ref": "#/definitions/entities.TransactionResponse"
                        }
                    },
                    "400": {
                        "description": "Bad Request",
                        "schema": {
                            "type": "object",
                            "additionalProperties": {
                                "type": "string"
                            }
                        }
                    },
                    "404": {
                        "description": "Not Found",
                        "schema": {
                            "type": "object",
                            "additionalProperties": {
                                "type": "string"
                            }
                        }
                    }
                }
            },
            "put": {
                "description": "Update details of an existing transaction by ID",
                "consumes": [
                    "application/json"
                ],
                "produces": [
                    "application/json"
                ],
                "tags": [
                    "transactions"
                ],
                "summary": "Update a transaction",
                "parameters": [
                    {
                        "type": "integer",
                        "description": "Transaction ID",
                        "name": "id",
                        "in": "path",
                        "required": true
                    },
                    {
                        "description": "Transaction request body",
                        "name": "transaction",
                        "in": "body",
                        "required": true,
                        "schema": {
                            "$ref": "#/definitions/entities.TransactionUpRequest"
                        }
                    }
                ],
                "responses": {
                    "200": {
                        "description": "OK",
                        "schema": {
                            "$ref": "#/definitions/entities.TransactionResponse"
                        }
                    },
                    "400": {
                        "description": "Bad Request",
                        "schema": {
                            "type": "object",
                            "additionalProperties": {
                                "type": "string"
                            }
                        }
                    },
                    "500": {
                        "description": "Internal Server Error",
                        "schema": {
                            "type": "object",
                            "additionalProperties": {
                                "type": "string"
                            }
                        }
                    }
                }
            },
            "delete": {
                "description": "Delete a transaction by ID",
                "produces": [
                    "application/json"
                ],
                "tags": [
                    "transactions"
                ],
                "summary": "Delete a transaction",
                "parameters": [
                    {
                        "type": "integer",
                        "description": "Transaction ID",
                        "name": "id",
                        "in": "path",
                        "required": true
                    }
                ],
                "responses": {
                    "204": {
                        "description": "No Content"
                    },
                    "400": {
                        "description": "Bad Request",
                        "schema": {
                            "type": "object",
                            "additionalProperties": {
                                "type": "string"
                            }
                        }
                    },
                    "500": {
                        "description": "Internal Server Error",
                        "schema": {
                            "type": "object",
                            "additionalProperties": {
                                "type": "string"
                            }
                        }
                    }
                }
            }
        },
        "/users": {
            "get": {
                "description": "Get a list of all users",
                "produces": [
                    "application/json"
                ],
                "tags": [
                    "users"
                ],
                "summary": "Get all users",
                "responses": {
                    "200": {
                        "description": "OK",
                        "schema": {
                            "type": "array",
                            "items": {
                                "$ref": "#/definitions/entities.UserResponse"
                            }
                        }
                    },
                    "500": {
                        "description": "Internal Server Error",
                        "schema": {
                            "type": "object",
                            "additionalProperties": {
                                "type": "string"
                            }
                        }
                    }
                }
            },
            "post": {
                "description": "Create a new user with the given details",
                "consumes": [
                    "application/json"
                ],
                "produces": [
                    "application/json"
                ],
                "tags": [
                    "users"
                ],
                "summary": "Create a new user",
                "parameters": [
                    {
                        "description": "User request body",
                        "name": "user",
                        "in": "body",
                        "required": true,
                        "schema": {
                            "$ref": "#/definitions/entities.UserCrRequest"
                        }
                    }
                ],
                "responses": {
                    "201": {
                        "description": "Created",
                        "schema": {
                            "$ref": "#/definitions/entities.UserResponse"
                        }
                    },
                    "400": {
                        "description": "Bad Request",
                        "schema": {
                            "type": "object",
                            "additionalProperties": {
                                "type": "string"
                            }
                        }
                    },
                    "500": {
                        "description": "Internal Server Error",
                        "schema": {
                            "type": "object",
                            "additionalProperties": {
                                "type": "string"
                            }
                        }
                    }
                }
            }
        },
        "/users/{id}": {
            "get": {
                "description": "Get details of a specific user by ID",
                "produces": [
                    "application/json"
                ],
                "tags": [
                    "users"
                ],
                "summary": "Get user by ID",
                "parameters": [
                    {
                        "type": "integer",
                        "description": "User ID",
                        "name": "id",
                        "in": "path",
                        "required": true
                    }
                ],
                "responses": {
                    "200": {
                        "description": "OK",
                        "schema": {
                            "$ref": "#/definitions/entities.UserResponse"
                        }
                    },
                    "400": {
                        "description": "Bad Request",
                        "schema": {
                            "type": "object",
                            "additionalProperties": {
                                "type": "string"
                            }
                        }
                    },
                    "404": {
                        "description": "Not Found",
                        "schema": {
                            "type": "object",
                            "additionalProperties": {
                                "type": "string"
                            }
                        }
                    }
                }
            },
            "put": {
                "description": "Update details of an existing user by ID",
                "consumes": [
                    "application/json"
                ],
                "produces": [
                    "application/json"
                ],
                "tags": [
                    "users"
                ],
                "summary": "Update a user",
                "parameters": [
                    {
                        "type": "integer",
                        "description": "User ID",
                        "name": "id",
                        "in": "path",
                        "required": true
                    },
                    {
                        "description": "User request body",
                        "name": "user",
                        "in": "body",
                        "required": true,
                        "schema": {
                            "$ref": "#/definitions/entities.UserUpRequest"
                        }
                    }
                ],
                "responses": {
                    "200": {
                        "description": "OK",
                        "schema": {
                            "$ref": "#/definitions/entities.UserResponse"
                        }
                    },
                    "400": {
                        "description": "Bad Request",
                        "schema": {
                            "type": "object",
                            "additionalProperties": {
                                "type": "string"
                            }
                        }
                    },
                    "500": {
                        "description": "Internal Server Error",
                        "schema": {
                            "type": "object",
                            "additionalProperties": {
                                "type": "string"
                            }
                        }
                    }
                }
            },
            "delete": {
                "description": "Delete a user by ID",
                "produces": [
                    "application/json"
                ],
                "tags": [
                    "users"
                ],
                "summary": "Delete a user",
                "parameters": [
                    {
                        "type": "integer",
                        "description": "User ID",
                        "name": "id",
                        "in": "path",
                        "required": true
                    }
                ],
                "responses": {
                    "204": {
                        "description": "No Content"
                    },
                    "400": {
                        "description": "Bad Request",
                        "schema": {
                            "type": "object",
                            "additionalProperties": {
                                "type": "string"
                            }
                        }
                    },
                    "500": {
                        "description": "Internal Server Error",
                        "schema": {
                            "type": "object",
                            "additionalProperties": {
                                "type": "string"
                            }
                        }
                    }
                }
            }
        }
    },
    "definitions": {
        "entities.EventCrRequest": {
            "type": "object",
            "required": [
                "date",
                "location",
                "name",
                "tenant_id"
            ],
            "properties": {
                "date": {
                    "type": "string"
                },
                "location": {
                    "type": "string",
                    "maxLength": 255
                },
                "name": {
                    "type": "string",
                    "maxLength": 100
                },
                "tenant_id": {
                    "type": "integer"
                }
            }
        },
        "entities.EventResponse": {
            "type": "object",
            "properties": {
                "date": {
                    "type": "string"
                },
                "id": {
                    "type": "integer"
                },
                "location": {
                    "type": "string"
                },
                "name": {
                    "type": "string"
                },
                "tenant_id": {
                    "type": "integer"
                }
            }
        },
        "entities.NotificationPreferencesCrRequest": {
            "type": "object",
            "required": [
                "receive_emails",
                "user_id"
            ],
            "properties": {
                "receive_emails": {
                    "type": "boolean"
                },
                "user_id": {
                    "type": "integer"
                }
            }
        },
        "entities.NotificationPreferencesResponse": {
            "type": "object",
            "properties": {
                "id": {
                    "type": "integer"
                },
                "receive_emails": {
                    "type": "boolean"
                },
                "user_id": {
                    "type": "integer"
                }
            }
        },
        "entities.NotificationPreferencesUpRequest": {
            "type": "object",
            "properties": {
                "receive_emails": {
                    "type": "boolean"
                }
            }
        },
        "entities.TenantCrRequest": {
            "type": "object",
            "required": [
                "name"
            ],
            "properties": {
                "contact_info": {
                    "type": "string",
                    "maxLength": 255
                },
                "name": {
                    "type": "string",
                    "maxLength": 100
                },
                "specific_configurations": {
                    "type": "string",
                    "maxLength": 255
                }
            }
        },
        "entities.TenantResponse": {
            "type": "object",
            "properties": {
                "contact_info": {
                    "type": "string"
                },
                "id": {
                    "type": "integer"
                },
                "name": {
                    "type": "string"
                },
                "specific_configurations": {
                    "type": "string"
                }
            }
        },
        "entities.TenantUpRequest": {
            "type": "object",
            "properties": {
                "contact_info": {
                    "type": "string",
                    "maxLength": 255
                },
                "name": {
                    "type": "string",
                    "maxLength": 100
                },
                "specific_configurations": {
                    "type": "string",
                    "maxLength": 255
                }
            }
        },
        "entities.TicketAuthRequest": {
            "type": "object",
            "required": [
                "verification_code"
            ],
            "properties": {
                "verification_code": {
                    "type": "string"
                }
            }
        },
        "entities.TicketCrRequest": {
            "type": "object",
            "required": [
                "event_id",
                "original_price",
                "seller_id",
                "status",
                "tenant_id",
                "verification_code"
            ],
            "properties": {
                "event_id": {
                    "type": "integer"
                },
                "original_price": {
                    "type": "number"
                },
                "seller_id": {
                    "type": "integer"
                },
                "status": {
                    "type": "string",
                    "maxLength": 50
                },
                "tenant_id": {
                    "type": "integer"
                },
                "verification_code": {
                    "type": "string",
                    "maxLength": 100
                }
            }
        },
        "entities.TicketPurchaseRequest": {
            "type": "object",
            "required": [
                "event_id",
                "original_price",
                "seller_id",
                "tenant_id",
                "verification_code"
            ],
            "properties": {
                "event_id": {
                    "type": "integer"
                },
                "original_price": {
                    "type": "number"
                },
                "seller_id": {
                    "type": "integer"
                },
                "tenant_id": {
                    "type": "integer"
                },
                "verification_code": {
                    "type": "string",
                    "maxLength": 100
                }
            }
        },
        "entities.TicketRefundRequest": {
            "type": "object",
            "required": [
                "ticket_id"
            ],
            "properties": {
                "ticket_id": {
                    "type": "integer"
                }
            }
        },
        "entities.TicketResponse": {
            "type": "object",
            "properties": {
                "event_id": {
                    "type": "integer"
                },
                "id": {
                    "type": "integer"
                },
                "original_price": {
                    "type": "number"
                },
                "seller_id": {
                    "type": "integer"
                },
                "status": {
                    "type": "string"
                },
                "tenant_id": {
                    "type": "integer"
                },
                "verification_code": {
                    "type": "string"
                }
            }
        },
        "entities.TicketSellRequest": {
            "type": "object",
            "required": [
                "event_id",
                "original_price",
                "seller_id",
                "tenant_id",
                "verification_code"
            ],
            "properties": {
                "event_id": {
                    "type": "integer"
                },
                "original_price": {
                    "type": "number"
                },
                "seller_id": {
                    "type": "integer"
                },
                "tenant_id": {
                    "type": "integer"
                },
                "verification_code": {
                    "type": "string",
                    "maxLength": 100
                }
            }
        },
        "entities.TicketUpRequest": {
            "type": "object",
            "properties": {
                "original_price": {
                    "type": "number"
                },
                "status": {
                    "type": "string",
                    "maxLength": 50
                },
                "verification_code": {
                    "type": "string",
                    "maxLength": 100
                }
            }
        },
        "entities.TransactionCrRequest": {
            "type": "object",
            "required": [
                "buyer_id",
                "sale_price",
                "tenant_id",
                "ticket_id",
                "transaction_date",
                "transaction_status"
            ],
            "properties": {
                "buyer_id": {
                    "type": "integer"
                },
                "sale_price": {
                    "type": "number"
                },
                "tenant_id": {
                    "type": "integer"
                },
                "ticket_id": {
                    "type": "integer"
                },
                "transaction_date": {
                    "type": "string"
                },
                "transaction_status": {
                    "type": "string",
                    "maxLength": 50
                }
            }
        },
        "entities.TransactionResponse": {
            "type": "object",
            "properties": {
                "buyer_id": {
                    "type": "integer"
                },
                "id": {
                    "type": "integer"
                },
                "sale_price": {
                    "type": "number"
                },
                "tenant_id": {
                    "type": "integer"
                },
                "ticket_id": {
                    "type": "integer"
                },
                "transaction_date": {
                    "type": "string"
                },
                "transaction_status": {
                    "type": "string"
                }
            }
        },
        "entities.TransactionUpRequest": {
            "type": "object",
            "properties": {
                "sale_price": {
                    "type": "number"
                },
                "transaction_date": {
                    "type": "string"
                },
                "transaction_status": {
                    "type": "string",
                    "maxLength": 50
                }
            }
        },
        "entities.UserCrRequest": {
            "type": "object",
            "required": [
                "email",
                "name",
                "tenant_id"
            ],
            "properties": {
                "email": {
                    "type": "string",
                    "maxLength": 100
                },
                "name": {
                    "type": "string",
                    "maxLength": 100
                },
                "tenant_id": {
                    "type": "integer"
                }
            }
        },
        "entities.UserResponse": {
            "type": "object",
            "properties": {
                "email": {
                    "type": "string"
                },
                "id": {
                    "type": "integer"
                },
                "name": {
                    "type": "string"
                },
                "tenant_id": {
                    "type": "integer"
                }
            }
        },
        "entities.UserUpRequest": {
            "type": "object",
            "properties": {
                "email": {
                    "type": "string",
                    "maxLength": 100
                },
                "name": {
                    "type": "string",
                    "maxLength": 100
                }
            }
        }
    }
}